<?xml version="1.0" encoding="UTF-8"?>
<project-private xmlns="http://www.netbeans.org/ns/project-private/1">
    <editor-bookmarks xmlns="http://www.netbeans.org/ns/editor-bookmarks/2" lastBookmarkId="0"/>
    <open-files xmlns="http://www.netbeans.org/ns/projectui-open-files/2">
        <group>
            <file>file:/C:/Users/jswil/OneDrive/Documents/NetBeansProjects/java-swing-chat-application-main/latest%20update/server/src/com/raven/service/ServiceUser.java</file>
            <file>file:/C:/Users/jswil/OneDrive/Documents/NetBeansProjects/java-swing-chat-application-main/latest%20update/server/src/com/raven/connection/DatabaseConnection.java</file>
            <file>file:/C:/Users/jswil/OneDrive/Documents/NetBeansProjects/java-swing-chat-application-main/latest%20update/server/src/com/raven/service/ServiceFIle.java</file>
        </group>
    </open-files>
</project-private>
